[
  {
    "id": "c535c460-dace-49bc-a6cc-dfd5936851ce",
    "data": [
      {
        "text": "i would like to have main course",
        "userDefined": false
      }
    ],
    "isTemplate": false,
    "count": 0,
    "lang": "en",
    "updated": 0
  },
  {
    "id": "a993df40-e95f-4e4b-898a-5af4023b347c",
    "data": [
      {
        "text": "main",
        "userDefined": false
      }
    ],
    "isTemplate": false,
    "count": 1,
    "lang": "en",
    "updated": 0
  },
  {
    "id": "38882432-ba0e-44aa-8e74-3b8a1daa11c9",
    "data": [
      {
        "text": "Main course",
        "userDefined": false
      }
    ],
    "isTemplate": false,
    "count": 1,
    "lang": "en",
    "updated": 0
  }
]